0,charm-cinder-infinidat,openstack/charm-cinder-infinidat,572776914,0,0,0,0
1,openstack-ansible-os_skyline,openstack/openstack-ansible-os_skyline,572776897,0,0,0,0
2,charm-manila-infinidat,openstack/charm-manila-infinidat,572776889,0,0,0,0
3,ansible-role-zookeeper,openstack/ansible-role-zookeeper,566127640,30,0,0,0
4,charm-zuul-jobs,openstack/charm-zuul-jobs,551204161,0,0,0,0
5,charm-keystone-openidc,openstack/charm-keystone-openidc,537275409,0,0,0,0
6,charm-ops-sunbeam,openstack/charm-ops-sunbeam,521093695,78,0,0,0
7,charm-neutron-k8s,openstack/charm-neutron-k8s,521093686,45,0,0,0
8,charm-placement-k8s,openstack/charm-placement-k8s,521093676,39,0,0,0
9,charm-horizon-k8s,openstack/charm-horizon-k8s,521093663,33,0,0,0
10,charm-nova-k8s,openstack/charm-nova-k8s,521093656,36,0,0,0
11,charm-cinder-k8s,openstack/charm-cinder-k8s,521093641,43,0,0,0
12,charm-keystone-k8s,openstack/charm-keystone-k8s,521093634,48,0,0,0
13,charm-glance-k8s,openstack/charm-glance-k8s,521093616,41,0,0,0
14,charm-cinder-ceph-k8s,openstack/charm-cinder-ceph-k8s,521093610,33,0,0,0
15,charm-cinder-dell-emc-powerstore,openstack/charm-cinder-dell-emc-powerstore,508127771,0,0,0,0
16,charm-cinder-ibm-storwize-svc,openstack/charm-cinder-ibm-storwize-svc,506853115,0,0,0,0
17,large-scale,openstack/large-scale,498963993,0,0,0,0
18,charm-cinder-three-par,openstack/charm-cinder-three-par,489189929,0,0,0,0
19,sushy-oem-idrac,openstack/sushy-oem-idrac,483478887,67,0,0,0
20,charm-ceph-nfs,openstack/charm-ceph-nfs,481811092,0,0,0,0
21,charm-cinder-solidfire,openstack/charm-cinder-solidfire,459823767,26,0,0,0
22,charm-cinder-nimblestorage,openstack/charm-cinder-nimblestorage,459823759,25,0,0,0
23,charm-nova-compute-nvidia-vgpu,openstack/charm-nova-compute-nvidia-vgpu,459823749,29,0,0,0
24,skyline-console,openstack/skyline-console,459823742,1704,0,0,0
25,skyline-apiserver,openstack/skyline-apiserver,459823737,195,0,0,0
26,ansible-collection-kolla,openstack/ansible-collection-kolla,434788116,62,0,0,0
27,ansible-role-proxysql,openstack/ansible-role-proxysql,430932868,0,0,0,0
28,ci-log-processing,openstack/ci-log-processing,422417040,92,0,0,0
29,venus,openstack/venus,421252596,189,0,0,0
30,venus-tempest-plugin,openstack/venus-tempest-plugin,421252589,43,0,0,0
31,python-venusclient,openstack/python-venusclient,421252580,62,0,0,0
32,venus-specs,openstack/venus-specs,421252568,30,0,0,0
33,venus-dashboard,openstack/venus-dashboard,421252558,55,0,0,0
34,charm-cinder-netapp,openstack/charm-cinder-netapp,414876693,35,0,0,0
35,charm-ops-interface-ceph-iscsi-admin-access,openstack/charm-ops-interface-ceph-iscsi-admin-access,407428687,0,0,0,0
36,charm-ops-interface-openstack-loadbalancer,openstack/charm-ops-interface-openstack-loadbalancer,407428676,13,0,0,0
37,charm-openstack-loadbalancer,openstack/charm-openstack-loadbalancer,407428667,31,0,0,0
38,charm-cinder-lvm,openstack/charm-cinder-lvm,405300229,32,0,0,0
39,tap-as-a-service,openstack/tap-as-a-service,392572104,139,0,0,0
40,ansible-role-vault,openstack/ansible-role-vault,386532648,0,0,0,0
41,charm-ceph-dashboard,openstack/charm-ceph-dashboard,382776801,51,0,0,0
42,charm-manila-dashboard,openstack/charm-manila-dashboard,349319338,36,0,0,0
43,charm-manila-netapp,openstack/charm-manila-netapp,349319331,31,0,0,0
44,charm-magnum,openstack/charm-magnum,349319319,50,0,0,0
45,charm-magnum-dashboard,openstack/charm-magnum-dashboard,349319312,36,0,0,0
46,rbd-iscsi-client,openstack/rbd-iscsi-client,336180695,43,0,0,0
47,ansible-role-pki,openstack/ansible-role-pki,336180684,28,0,0,0
48,glance-tempest-plugin,openstack/glance-tempest-plugin,329527221,26,0,0,0
49,openstack-ansible-os_monasca,openstack/openstack-ansible-os_monasca,320760826,0,0,0,0
50,openstack-ansible-os_monasca-agent,openstack/openstack-ansible-os_monasca-agent,320760817,0,0,0,0
51,charm-magpie,openstack/charm-magpie,317778566,43,0,0,0
52,charm-interface-magpie,openstack/charm-interface-magpie,317778557,13,0,0,0
53,charm-ironic-api,openstack/charm-ironic-api,301942142,50,0,0,0
54,charm-ironic-conductor,openstack/charm-ironic-conductor,301942131,67,0,0,0
55,charm-interface-ironic-api,openstack/charm-interface-ironic-api,301942118,0,0,0,0
56,charm-neutron-api-plugin-ironic,openstack/charm-neutron-api-plugin-ironic,301942111,39,0,0,0
57,osops,openstack/osops,296799624,422,0,0,0
58,openstack-ansible-os_senlin,openstack/openstack-ansible-os_senlin,294019946,46,0,0,0
59,etcd3gw,openstack/etcd3gw,291213481,50,0,0,0
60,charm-ops-interface-tls-certificates,openstack/charm-ops-interface-tls-certificates,286660001,15,0,0,0
61,charm-ops-openstack,openstack/charm-ops-openstack,286659992,16,0,0,0
62,charm-keystone-kerberos,openstack/charm-keystone-kerberos,286659987,40,0,0,0
63,charm-ceph-iscsi,openstack/charm-ceph-iscsi,286659975,33,0,0,0
64,charm-ops-interface-ceph-client,openstack/charm-ops-interface-ceph-client,286659970,13,0,0,0
65,whitebox-tempest-plugin,openstack/whitebox-tempest-plugin,275189844,0,0,0,0
66,charm-neutron-api-plugin-arista,openstack/charm-neutron-api-plugin-arista,275189834,51,0,0,0
67,openstack-ansible-os_adjutant,openstack/openstack-ansible-os_adjutant,273275364,49,0,0,0
68,xstatic-graphlib,openstack/xstatic-graphlib,267315886,0,0,0,0
69,ansible-role-lunasa-hsm,openstack/ansible-role-lunasa-hsm,267315868,15,0,0,0
70,xstatic-moment,openstack/xstatic-moment,267315859,12,0,0,0
71,charm-trilio-dm-api,openstack/charm-trilio-dm-api,267315851,42,0,0,0
72,xstatic-lodash,openstack/xstatic-lodash,267315838,17,0,0,0
73,xstatic-dagre,openstack/xstatic-dagre,267315833,15,0,0,0
74,charm-trilio-data-mover,openstack/charm-trilio-data-mover,267315822,47,0,0,0
75,openstack-tempest-skiplist,openstack/openstack-tempest-skiplist,267315805,0,0,0,0
76,xstatic-moment-timezone,openstack/xstatic-moment-timezone,267315797,15,0,0,0
77,charm-trilio-horizon-plugin,openstack/charm-trilio-horizon-plugin,267315783,41,0,0,0
78,xstatic-dagre-d3,openstack/xstatic-dagre-d3,267315771,15,0,0,0
79,charm-trilio-wlm,openstack/charm-trilio-wlm,267315759,53,0,0,0
80,oslo.metrics,openstack/oslo.metrics,267016897,40,0,0,0
81,devstack-plugin-open-cas,openstack/devstack-plugin-open-cas,247115917,8,0,0,0
82,validations-libs,openstack/validations-libs,246390860,109,0,0,0
83,validations-common,openstack/validations-common,246390808,193,0,0,0
84,charm-watcher-dashboard,openstack/charm-watcher-dashboard,235978815,33,0,0,0
85,charm-interface-keystone-notifications,openstack/charm-interface-keystone-notifications,235978750,9,0,0,0
86,multi-arch-sig,openstack/multi-arch-sig,235143318,15,0,0,0
87,ideas,openstack/ideas,234126380,26,0,0,0
88,charm-watcher,openstack/charm-watcher,234114366,37,0,0,0
89,tripleo-operator-ansible,openstack/tripleo-operator-ansible,227891202,748,0,0,0
90,ovn-octavia-provider,openstack/ovn-octavia-provider,227891041,106,0,0,0
91,charm-interface-cinder-backup,openstack/charm-interface-cinder-backup,225654930,9,0,0,0
92,charm-cinder-backup-swift-proxy,openstack/charm-cinder-backup-swift-proxy,225654860,33,0,0,0
93,ansible-plugin-container-connection,openstack/ansible-plugin-container-connection,225071141,35,0,0,0
94,charm-manila-ganesha,openstack/charm-manila-ganesha,221855454,48,0,0,0
95,barbican-ui,openstack/barbican-ui,216674073,71,0,0,0
96,charm-neutron-api-plugin-ovn,openstack/charm-neutron-api-plugin-ovn,215836712,53,0,0,0
97,charm-mysql-router,openstack/charm-mysql-router,215601920,51,0,0,0
98,charm-mysql-innodb-cluster,openstack/charm-mysql-innodb-cluster,215601863,62,0,0,0
99,charm-interface-mysql-router,openstack/charm-interface-mysql-router,215601814,15,0,0,0
100,charm-interface-mysql-innodb-cluster,openstack/charm-interface-mysql-innodb-cluster,215601767,13,0,0,0
101,charm-placement,openstack/charm-placement,213950196,44,0,0,0
102,charm-interface-placement,openstack/charm-interface-placement,213950133,12,0,0,0
103,ansible-collections-openstack,openstack/ansible-collections-openstack,210877584,267,0,0,0
104,charm-cinder-purestorage,openstack/charm-cinder-purestorage,206616668,35,0,0,0
105,openstack-ansible-os_murano,openstack/openstack-ansible-os_murano,203503975,34,0,0,0
106,ansible-role-uwsgi,openstack/ansible-role-uwsgi,202185103,31,0,0,0
107,ironic-prometheus-exporter,openstack/ironic-prometheus-exporter,195096537,79,0,0,0
108,charm-octavia-diskimage-retrofit,openstack/charm-octavia-diskimage-retrofit,193596179,48,0,0,0
109,publiccloud-sig,openstack/publiccloud-sig,189644870,15,0,0,0
110,charm-nova-lxd,openstack/charm-nova-lxd,189644646,150,0,0,0
111,charm-keystone-saml-mellon,openstack/charm-keystone-saml-mellon,187086734,48,0,0,0
112,charm-interface-websso-fid-service-provider,openstack/charm-interface-websso-fid-service-provider,187086492,9,0,0,0
113,charm-interface-keystone-fid-service-provider,openstack/charm-interface-keystone-fid-service-provider,187086243,9,0,0,0
114,cyborg-tempest-plugin,openstack/cyborg-tempest-plugin,186971257,45,0,0,0
115,charm-pacemaker-remote,openstack/charm-pacemaker-remote,180242838,31,0,0,0
116,charm-masakari-monitors,openstack/charm-masakari-monitors,180242780,39,0,0,0
117,charm-masakari,openstack/charm-masakari,180242719,42,0,0,0
118,charm-interface-pacemaker-remote,openstack/charm-interface-pacemaker-remote,180242687,11,0,0,0
119,ansible-role-collect-logs,openstack/ansible-role-collect-logs,179762789,96,0,0,0
120,auto-scaling-sig,openstack/auto-scaling-sig,173972380,29,0,0,0
121,charm-layer-ceph,openstack/charm-layer-ceph,173292656,12,0,0,0
122,charm-interface-ceph-rbd-mirror,openstack/charm-interface-ceph-rbd-mirror,173292605,13,0,0,0
123,charm-ceph-rbd-mirror,openstack/charm-ceph-rbd-mirror,173292563,50,0,0,0
124,cinderlib,openstack/cinderlib,171542050,123,0,0,0
125,openstack-ansible-os_mistral,openstack/openstack-ansible-os_mistral,169274628,49,0,0,0
126,ansible-role-thales-hsm,openstack/ansible-role-thales-hsm,168182033,23,0,0,0
127,ansible-role-atos-hsm,openstack/ansible-role-atos-hsm,168181957,17,0,0,0
128,charm-interface-cinder-backend,openstack/charm-interface-cinder-backend,166894165,12,0,0,0
129,openstack-virtual-baremetal,openstack/openstack-virtual-baremetal,165838991,181,0,0,0
130,sahara-plugin-vanilla,openstack/sahara-plugin-vanilla,164452408,140,0,0,0
131,sahara-plugin-storm,openstack/sahara-plugin-storm,164452349,67,0,0,0
132,sahara-plugin-spark,openstack/sahara-plugin-spark,164452287,78,0,0,0
133,sahara-plugin-mapr,openstack/sahara-plugin-mapr,164452233,192,0,0,0
134,sahara-plugin-cdh,openstack/sahara-plugin-cdh,164452161,465,0,0,0
135,sahara-plugin-ambari,openstack/sahara-plugin-ambari,164452106,92,0,0,0
136,os-resource-classes,openstack/os-resource-classes,161205365,32,0,0,0
137,arch-design,openstack/arch-design,159859688,79,0,0,0
138,charm-octavia-dashboard,openstack/charm-octavia-dashboard,157556150,40,0,0,0
139,charm-interface-neutron-load-balancer,openstack/charm-interface-neutron-load-balancer,157556108,13,0,0,0
140,charm-interface-dashboard-plugin,openstack/charm-interface-dashboard-plugin,157556073,13,0,0,0
141,charm-interface-barbican-secrets,openstack/charm-interface-barbican-secrets,157556033,15,0,0,0
142,charm-barbican-vault,openstack/charm-barbican-vault,157556007,42,0,0,0
143,openstack-ansible-os_placement,openstack/openstack-ansible-os_placement,155900849,49,0,0,0
144,openstack-helm-images,openstack/openstack-helm-images,154882357,151,0,0,0
145,blazar-specs,openstack/blazar-specs,154554619,44,0,0,0
146,openstack-ansible-os_manila,openstack/openstack-ansible-os_manila,153816895,57,0,0,0
147,charm-octavia,openstack/charm-octavia,153811533,60,0,0,0
148,charm-nova-cell-controller,openstack/charm-nova-cell-controller,153811504,39,0,0,0
149,charm-interface-nova-compute,openstack/charm-interface-nova-compute,153811473,10,0,0,0
150,charm-interface-nova-cell,openstack/charm-interface-nova-cell,153811446,11,0,0,0
151,tenks,openstack/tenks,153473072,129,0,0,0
152,octavia-lib,openstack/octavia-lib,150789790,81,0,0,0
153,ansible-role-chrony,openstack/ansible-role-chrony,150503192,34,0,0,0
154,puppet-placement,openstack/puppet-placement,149168262,119,19,0.159663866,1
155,oslo.upgradecheck,openstack/oslo.upgradecheck,149168216,47,0,0,0
156,kayobe-config-dev,openstack/kayobe-config-dev,149168078,67,0,0,0
157,placement,openstack/placement,146849027,426,0,0,0
158,os-ken,openstack/os-ken,146703610,1564,0,0,0
159,tripleo-ansible,openstack/tripleo-ansible,143914652,1609,0,0,0
160,ansible-role-openstack-operations,openstack/ansible-role-openstack-operations,141147117,42,0,0,0
161,cookbook-openstackclient,openstack/cookbook-openstackclient,136289438,32,0,0,0
162,openstack-ansible-os_zun,openstack/openstack-ansible-os_zun,136280625,61,0,0,0
163,ansible-role-qdrouterd,openstack/ansible-role-qdrouterd,136280191,58,0,0,0
164,charm-glance-simplestreams-sync,openstack/charm-glance-simplestreams-sync,135754153,167,0,0,0
165,ansible-role-tripleo-modify-image,openstack/ansible-role-tripleo-modify-image,134661411,38,0,0,0
166,kayobe-config,openstack/kayobe-config,133863190,61,0,0,0
167,metalsmith,openstack/metalsmith,133382159,102,0,0,0
168,openstack-ansible-os_blazar,openstack/openstack-ansible-os_blazar,132612469,50,0,0,0
169,charm-neutron-dynamic-routing,openstack/charm-neutron-dynamic-routing,132608422,42,0,0,0
170,charm-interface-bgp,openstack/charm-interface-bgp,132608374,14,0,0,0
171,constellations,openstack/constellations,132051353,15,0,0,0
172,openstack-ansible-os_masakari,openstack/openstack-ansible-os_masakari,131864020,59,0,0,0
173,cookbook-openstack-dns,openstack/cookbook-openstack-dns,131863686,44,0,0,0
174,ansible-role-container-registry,openstack/ansible-role-container-registry,131065118,41,0,0,0
175,tripleo-ha-utils,openstack/tripleo-ha-utils,129417076,76,0,0,0
176,python-cyborgclient,openstack/python-cyborgclient,126980776,100,0,0,0
177,ansible-role-python_venv_build,openstack/ansible-role-python_venv_build,126617521,52,0,0,0
178,cyborg-specs,openstack/cyborg-specs,126014945,94,0,0,0
179,oslo.limit,openstack/oslo.limit,125912631,51,0,0,0
180,ansible-role-systemd_service,openstack/ansible-role-systemd_service,125905459,52,0,0,0
181,ansible-role-systemd_networkd,openstack/ansible-role-systemd_networkd,125905424,51,0,0,0
182,ansible-role-systemd_mount,openstack/ansible-role-systemd_mount,125905388,49,0,0,0
183,xstatic-json2yaml,openstack/xstatic-json2yaml,125808455,12,0,0,0
184,xstatic-js-yaml,openstack/xstatic-js-yaml,125808427,12,0,0,0
185,xstatic-filesaver,openstack/xstatic-filesaver,125808405,12,0,0,0
186,xstatic-angular-vis,openstack/xstatic-angular-vis,125808383,12,0,0,0
187,xstatic-angular-uuid,openstack/xstatic-angular-uuid,125808359,12,0,0,0
188,xstatic-angular-notify,openstack/xstatic-angular-notify,125808339,14,0,0,0
189,xstatic-angular-material,openstack/xstatic-angular-material,125808314,306,0,0,0
190,ansible-config_template,openstack/ansible-config_template,125581459,75,0,0,0
191,kayobe,openstack/kayobe,123940944,1083,0,0,0
192,openstack-ansible-os_panko,openstack/openstack-ansible-os_panko,122372070,2,0,0,0
193,openstack-ansible-nspawn_hosts,openstack/openstack-ansible-nspawn_hosts,122361217,2,0,0,0
194,openstack-ansible-nspawn_container_create,openstack/openstack-ansible-nspawn_container_create,122361185,2,0,0,0
195,rally-openstack,openstack/rally-openstack,122128286,1506,0,0,0
196,charm-vault,openstack/charm-vault,121403702,61,0,0,0
197,charm-panko,openstack/charm-panko,118523296,3,0,0,0
198,tempest-stress,openstack/tempest-stress,118363784,52,0,0,0
199,charm-ironic,openstack/charm-ironic,118346394,105,0,0,0
200,goal-tools,openstack/goal-tools,117906925,126,0,0,0
201,charm-interface-designate,openstack/charm-interface-designate,116727948,11,0,0,0
202,blazar-tempest-plugin,openstack/blazar-tempest-plugin,116157560,49,0,0,0
203,telemetry-tempest-plugin,openstack/telemetry-tempest-plugin,114690333,51,0,0,0
204,trove-tempest-plugin,openstack/trove-tempest-plugin,114412300,50,0,0,0
205,vitrage-tempest-plugin,openstack/vitrage-tempest-plugin,114410418,123,0,0,0
206,monasca-tempest-plugin,openstack/monasca-tempest-plugin,114410250,82,0,0,0
207,ec2api-tempest-plugin,openstack/ec2api-tempest-plugin,114407162,51,0,0,0
208,ansible-role-redhat-subscription,openstack/ansible-role-redhat-subscription,114041479,29,0,0,0
209,self-healing-sig,openstack/self-healing-sig,113479497,52,0,0,0
210,mistral-tempest-plugin,openstack/mistral-tempest-plugin,113311436,73,0,0,0
211,tripleo-ipsec,openstack/tripleo-ipsec,112732304,38,0,0,0
212,masakari-dashboard,openstack/masakari-dashboard,112728253,99,0,0,0
213,governance-sigs,openstack/governance-sigs,111934728,23,0,0,0
214,heat-tempest-plugin,openstack/heat-tempest-plugin,110993073,90,0,0,0
215,cloudkitty-tempest-plugin,openstack/cloudkitty-tempest-plugin,109673175,33,0,0,0
216,cinder-tempest-plugin,openstack/cinder-tempest-plugin,109673153,52,0,0,0
217,openstack-ansible-os_congress,openstack/openstack-ansible-os_congress,109159677,2,0,0,0
218,senlin-tempest-plugin,openstack/senlin-tempest-plugin,107254479,164,0,0,0
219,heat-dashboard,openstack/heat-dashboard,107113846,494,0,0,0
220,manila-tempest-plugin,openstack/manila-tempest-plugin,106527827,189,0,0,0
221,magnum-tempest-plugin,openstack/magnum-tempest-plugin,106518044,71,0,0,0
222,contributor-guide,openstack/contributor-guide,106468386,129,0,0,0
223,neutron-tempest-plugin,openstack/neutron-tempest-plugin,104250132,248,0,0,0
224,zun-tempest-plugin,openstack/zun-tempest-plugin,103186661,67,0,0,0
225,zaqar-tempest-plugin,openstack/zaqar-tempest-plugin,103186649,62,0,0,0
226,murano-tempest-plugin,openstack/murano-tempest-plugin,103186630,122,0,0,0
227,monasca-specs,openstack/monasca-specs,102588893,52,0,0,0
228,whereto,openstack/whereto,101313763,43,0,0,0
229,solum-tempest-plugin,openstack/solum-tempest-plugin,101154575,58,0,0,0
230,upstream-institute-virtual-environment,openstack/upstream-institute-virtual-environment,100247040,57,0,0,0
231,charm-interface-gnocchi,openstack/charm-interface-gnocchi,99969184,10,0,0,0
232,charm-interface-ceph-client,openstack/charm-interface-ceph-client,99969176,25,0,0,0
233,charm-gnocchi,openstack/charm-gnocchi,99969165,49,0,0,0
234,watcher-tempest-plugin,openstack/watcher-tempest-plugin,99956239,80,0,0,0
235,tripleo-upgrade,openstack/tripleo-upgrade,98898482,168,0,0,0
236,oswin-tempest-plugin,openstack/oswin-tempest-plugin,98626595,48,0,0,0
237,charm-deployment-guide,openstack/charm-deployment-guide,97932575,24,0,0,0
238,openstack-ansible-os_tacker,openstack/openstack-ansible-os_tacker,97694441,54,0,0,0
239,os-service-types,openstack/os-service-types,96524824,49,0,0,0
240,ironic-python-agent-builder,openstack/ironic-python-agent-builder,96250496,140,0,0,0
241,blazar-dashboard,openstack/blazar-dashboard,96084454,98,0,0,0
242,python-adjutantclient,openstack/python-adjutantclient,95636703,42,0,0,0
243,adjutant-ui,openstack/adjutant-ui,95636697,154,0,0,0
244,freezer-tempest-plugin,openstack/freezer-tempest-plugin,94874360,71,0,0,0
245,openstack-helm-infra,openstack/openstack-helm-infra,94869915,1409,0,0,0
246,neutron-vpnaas-dashboard,openstack/neutron-vpnaas-dashboard,94869893,114,0,0,0
247,neutron-fwaas-dashboard,openstack/neutron-fwaas-dashboard,94869873,129,0,0,0
248,adjutant,openstack/adjutant,94869844,170,0,0,0
249,kuryr-tempest-plugin,openstack/kuryr-tempest-plugin,94209676,50,0,0,0
250,ptgbot,openstack/ptgbot,93161650,41,0,0,0
251,charm-manila-glusterfs,openstack/charm-manila-glusterfs,93072613,3,0,0,0
252,charm-glusterfs,openstack/charm-glusterfs,93072594,3,0,0,0
253,keystone-tempest-plugin,openstack/keystone-tempest-plugin,93066618,89,0,0,0
254,ansible-hardening,openstack/ansible-hardening,92485918,411,0,0,0
255,sphinx-feature-classification,openstack/sphinx-feature-classification,90404580,43,0,0,0
256,openstack-zuul-roles,openstack/openstack-zuul-roles,90157209,12,0,0,0
257,openstack-zuul-jobs,openstack/openstack-zuul-jobs,90157196,240,0,0,0
258,paunch,openstack/paunch,89629920,2,0,0,0
259,openstack-ansible-os_karbor,openstack/openstack-ansible-os_karbor,88601530,1,0,0,0
260,devstack-plugin-container,openstack/devstack-plugin-container,88031769,26,0,0,0
261,openstack-helm,openstack/openstack-helm,87913000,1364,0,0,0
262,sushy-tools,openstack/sushy-tools,87053802,168,0,0,0
263,osc-placement,openstack/osc-placement,86675864,93,0,0,0
264,loci,openstack/loci,86310723,53,0,0,0
265,python-octaviaclient,openstack/python-octaviaclient,85058601,147,0,0,0
266,octavia-tempest-plugin,openstack/octavia-tempest-plugin,85058592,127,0,0,0
267,octavia-dashboard,openstack/octavia-dashboard,85058580,304,0,0,0
268,networking-baremetal,openstack/networking-baremetal,84173276,119,0,0,0
269,ovsdbapp,openstack/ovsdbapp,84060736,145,0,0,0
270,os-traits,openstack/os-traits,83282969,78,0,0,0
271,python-pankoclient,openstack/python-pankoclient,83038558,2,0,0,0
272,sushy,openstack/sushy,81952262,401,0,0,0
273,charm-layer-ceph-base,openstack/charm-layer-ceph-base,81943802,16,0,0,0
274,charm-interface-ceph-mds,openstack/charm-interface-ceph-mds,81817463,4,0,0,0
275,charm-keystone-ldap,openstack/charm-keystone-ldap,81749583,40,0,0,0
276,charm-interface-keystone-domain-backend,openstack/charm-interface-keystone-domain-backend,81749571,10,0,0,0
277,monasca-kibana-plugin,openstack/monasca-kibana-plugin,79892774,55,0,0,0
278,charm-interface-keystone-admin,openstack/charm-interface-keystone-admin,79793879,9,0,0,0
279,devstack-tools,openstack/devstack-tools,79434521,46,0,0,0
280,heat-agents,openstack/heat-agents,78096811,125,0,0,0
281,charm-trove,openstack/charm-trove,78095289,2,0,0,0
282,charm-murano,openstack/charm-murano,78095252,3,0,0,0
283,charm-mistral,openstack/charm-mistral,78095236,31,0,0,0
284,openstackclient,openstack/openstackclient,77121889,21,0,0,0
285,tripleo-repos,openstack/tripleo-repos,77032727,75,0,0,0
286,patrole,openstack/patrole,77032281,325,0,0,0
287,masakari-specs,openstack/masakari-specs,77031957,131,0,0,0
288,charm-cloudkitty,openstack/charm-cloudkitty,76441733,33,0,0,0
289,barbican-tempest-plugin,openstack/barbican-tempest-plugin,75374771,62,0,0,0
290,openstack-ansible-os_octavia,openstack/openstack-ansible-os_octavia,75069507,89,0,0,0
291,cloudkitty-specs,openstack/cloudkitty-specs,74683598,39,0,0,0
292,ui-cookiecutter,openstack/ui-cookiecutter,74111109,84,0,0,0
293,ironic-tempest-plugin,openstack/ironic-tempest-plugin,74110360,78,0,0,0
294,kolla-ansible,openstack/kolla-ansible,73831397,2849,0,0,0
295,charm-ceph-fs,openstack/charm-ceph-fs,73358996,47,0,0,0
296,magnum-specs,openstack/magnum-specs,73268141,32,0,0,0
297,governance-website,openstack/governance-website,73268022,12,0,0,0
298,coverage2sql,openstack/coverage2sql,73266632,60,0,0,0
299,tripleo-quickstart-extras,openstack/tripleo-quickstart-extras,73192844,589,0,0,0
300,manila-test-image,openstack/manila-test-image,72722775,53,0,0,0
301,charm-nova-compute-proxy,openstack/charm-nova-compute-proxy,72616519,3,0,0,0
302,charm-manila-generic,openstack/charm-manila-generic,72479191,43,0,0,0
303,charm-interface-manila-plugin,openstack/charm-interface-manila-plugin,72479159,11,0,0,0
304,molteniron,openstack/molteniron,71483695,53,0,0,0
305,python-masakariclient,openstack/python-masakariclient,71114108,66,0,0,0
306,masakari-monitors,openstack/masakari-monitors,71113678,157,0,0,0
307,puppet-cloudkitty,openstack/puppet-cloudkitty,69446938,157,26,0.165605096,1
308,charms.ceph,openstack/charms.ceph,69008744,22,0,0,0
309,charm-interface-neutron-plugin-api-subordinate,openstack/charm-interface-neutron-plugin-api-subordinate,68704858,12,0,0,0
310,cookbook-openstack-application-catalog,openstack/cookbook-openstack-application-catalog,68362905,28,0,0,0
311,charm-manila,openstack/charm-manila,67786652,49,0,0,0
312,zun-ui,openstack/zun-ui,67681668,206,0,0,0
313,charm-interface-service-control,openstack/charm-interface-service-control,67493400,13,0,0,0
314,puppet-qdr,openstack/puppet-qdr,67406689,55,6,0.109090909,0
315,monasca-events-api,openstack/monasca-events-api,67036904,128,0,0,0
316,openstack-ansible-os_trove,openstack/openstack-ansible-os_trove,66631323,71,0,0,0
317,puppet-panko,openstack/puppet-panko,66568704,2,0,0,0
318,openstack-ansible-haproxy_server,openstack/openstack-ansible-haproxy_server,66266334,82,0,0,0
319,openstack-ansible-ceph_client,openstack/openstack-ansible-ceph_client,66266318,81,0,0,0
320,murano-pkg-check,openstack/murano-pkg-check,66065711,72,0,0,0
321,openstack-ansible-tests,openstack/openstack-ansible-tests,64914112,88,0,0,0
322,charm-barbican-softhsm,openstack/charm-barbican-softhsm,64736363,32,0,0,0
323,charm-barbican,openstack/charm-barbican,64736358,48,0,0,0
324,mistral-lib,openstack/mistral-lib,63398427,65,0,0,0
325,charm-aodh,openstack/charm-aodh,63358832,46,0,0,0
326,monasca-grafana-datasource,openstack/monasca-grafana-datasource,63348309,24,0,0,0
327,charm-designate-bind,openstack/charm-designate-bind,63347755,39,0,0,0
328,charm-designate,openstack/charm-designate,63347737,51,0,0,0
329,charm-layer-openstack-principle,openstack/charm-layer-openstack-principle,62715728,15,0,0,0
330,charm-layer-openstack-api,openstack/charm-layer-openstack-api,62715719,13,0,0,0
331,charm-layer-openstack,openstack/charm-layer-openstack,62715707,35,0,0,0
332,charm-interface-rabbitmq,openstack/charm-interface-rabbitmq,62715694,9,0,0,0
333,charm-interface-ovsdb-manager,openstack/charm-interface-ovsdb-manager,62715686,3,0,0,0
334,charm-interface-openstack-ha,openstack/charm-interface-openstack-ha,62715674,9,0,0,0
335,charm-interface-odl-controller-api,openstack/charm-interface-odl-controller-api,62715665,3,0,0,0
336,charm-interface-neutron-plugin,openstack/charm-interface-neutron-plugin,62715655,14,0,0,0
337,charm-interface-mysql-shared,openstack/charm-interface-mysql-shared,62715647,15,0,0,0
338,charm-interface-keystone-credentials,openstack/charm-interface-keystone-credentials,62715636,10,0,0,0
339,charm-interface-keystone,openstack/charm-interface-keystone,62715629,11,0,0,0
340,charm-interface-hacluster,openstack/charm-interface-hacluster,62715620,19,0,0,0
341,charm-interface-bind-rndc,openstack/charm-interface-bind-rndc,62715609,13,0,0,0
342,charm-ceph-proxy,openstack/charm-ceph-proxy,62662401,219,0,0,0
343,python-zunclient,openstack/python-zunclient,62374948,148,0,0,0
344,charms.openstack,openstack/charms.openstack,62124382,58,0,0,0
345,charm-guide,openstack/charm-guide,62070817,173,0,0,0
346,masakari,openstack/masakari,61782314,379,0,0,0
347,charm-specs,openstack/charm-specs,61305803,188,0,0,0
348,panko,openstack/panko,61236292,2,0,0,0
349,karma-subunit-reporter,openstack/karma-subunit-reporter,61099402,11,0,0,0
350,puppet-tacker,openstack/puppet-tacker,60759422,128,19,0.1484375,1
351,js-openstack-lib,openstack/js-openstack-lib,60301562,70,0,0,0
352,charm-tempest,openstack/charm-tempest,60283424,52,0,0,0
353,charm-hacluster,openstack/charm-hacluster,60283399,159,0,0,0
354,openstack-ansible-os_sahara,openstack/openstack-ansible-os_sahara,59834455,69,0,0,0
355,openstack-ansible-ops,openstack/openstack-ansible-ops,59831174,826,0,0,0
356,openstack-ansible-os_cloudkitty,openstack/openstack-ansible-os_cloudkitty,59828208,61,0,0,0
357,puppet-watcher,openstack/puppet-watcher,59657743,161,29,0.180124224,1
358,tripleo-validations,openstack/tripleo-validations,59615202,627,0,0,0
359,oslo.tools,openstack/oslo.tools,58857642,28,0,0,0
360,osc-lib,openstack/osc-lib,58857618,109,0,0,0
361,os-api-ref,openstack/os-api-ref,58772672,49,0,0,0
362,ldappool,openstack/ldappool,58666441,27,0,0,0
363,pyeclib,openstack/pyeclib,58626986,60,0,0,0
364,liberasurecode,openstack/liberasurecode,58626647,80,0,0,0
365,kuryr-libnetwork,openstack/kuryr-libnetwork,58626583,152,0,0,0
366,kuryr-kubernetes,openstack/kuryr-kubernetes,58626548,395,0,0,0
367,freezer-dr,openstack/freezer-dr,58626280,87,0,0,0
368,zun,openstack/zun,58543833,697,0,0,0
369,manila-specs,openstack/manila-specs,58028158,69,0,0,0
370,virtualbmc,openstack/virtualbmc,56780032,60,0,0,0
371,neutron-dynamic-routing,openstack/neutron-dynamic-routing,56779446,170,0,0,0
372,openstack-ansible-os_gnocchi,openstack/openstack-ansible-os_gnocchi,55836225,78,0,0,0
373,monasca-transform,openstack/monasca-transform,55761221,2,0,0,0
374,designate-tempest-plugin,openstack/designate-tempest-plugin,55638137,109,0,0,0
375,tripleo-quickstart,openstack/tripleo-quickstart,55234238,399,0,0,0
376,microversion-parse,openstack/microversion-parse,55065338,27,0,0,0
377,openstack-ansible-os_rally,openstack/openstack-ansible-os_rally,55062237,57,0,0,0
378,puppet-openstack-guide,openstack/puppet-openstack-guide,54801935,30,0,0,0
379,python-freezerclient,openstack/python-freezerclient,54571522,92,0,0,0
380,devstack-plugin-nfs,openstack/devstack-plugin-nfs,54542798,14,0,0,0
381,openstack-ansible-os_magnum,openstack/openstack-ansible-os_magnum,54114462,72,0,0,0
382,openstack-ansible-os_barbican,openstack/openstack-ansible-os_barbican,54114445,70,0,0,0
383,openstack-ansible-os_designate,openstack/openstack-ansible-os_designate,54021009,77,0,0,0
384,puppet-ovn,openstack/puppet-ovn,53542270,66,6,0.090909091,0
385,puppet-octavia,openstack/puppet-octavia,53404633,275,38,0.138181818,1
386,freezer-specs,openstack/freezer-specs,53047527,54,0,0,0
387,openstack-ansible-os_horizon,openstack/openstack-ansible-os_horizon,52879258,122,0,0,0
388,openstack-ansible-os_tempest,openstack/openstack-ansible-os_tempest,52862924,103,0,0,0
389,openstack-ansible-os_swift,openstack/openstack-ansible-os_swift,52862904,134,0,0,0
390,openstack-ansible-os_nova,openstack/openstack-ansible-os_nova,52862896,150,0,0,0
391,openstack-ansible-os_neutron,openstack/openstack-ansible-os_neutron,52862885,179,0,0,0
392,openstack-ansible-os_keystone,openstack/openstack-ansible-os_keystone,52862873,128,0,0,0
393,openstack-ansible-os_heat,openstack/openstack-ansible-os_heat,52862852,72,0,0,0
394,openstack-ansible-os_glance,openstack/openstack-ansible-os_glance,52862837,88,0,0,0
395,openstack-ansible-os_cinder,openstack/openstack-ansible-os_cinder,52862821,109,0,0,0
396,openstack-ansible-os_ceilometer,openstack/openstack-ansible-os_ceilometer,52862805,87,0,0,0
397,openstack-ansible-os_aodh,openstack/openstack-ansible-os_aodh,52862794,78,0,0,0
398,openstack-ansible-openstack_openrc,openstack/openstack-ansible-openstack_openrc,52862784,43,0,0,0
399,charm-swift-storage,openstack/charm-swift-storage,52858945,269,0,0,0
400,charm-swift-proxy,openstack/charm-swift-proxy,52858929,292,0,0,0
401,charm-rabbitmq-server,openstack/charm-rabbitmq-server,52858918,263,0,0,0
402,charm-percona-cluster,openstack/charm-percona-cluster,52858910,221,0,0,0
403,charm-openvswitch-odl,openstack/charm-openvswitch-odl,52858902,3,0,0,0
404,charm-openstack-dashboard,openstack/charm-openstack-dashboard,52858888,293,0,0,0
405,charm-odl-controller,openstack/charm-odl-controller,52858880,3,0,0,0
406,charm-nova-compute,openstack/charm-nova-compute,52858872,329,0,0,0
407,charm-nova-cloud-controller,openstack/charm-nova-cloud-controller,52858857,326,0,0,0
408,charm-neutron-openvswitch,openstack/charm-neutron-openvswitch,52858841,234,0,0,0
409,charm-neutron-gateway,openstack/charm-neutron-gateway,52858829,310,0,0,0
410,charm-neutron-api-odl,openstack/charm-neutron-api-odl,52858818,3,0,0,0
411,charm-neutron-api,openstack/charm-neutron-api,52858802,315,0,0,0
412,charm-keystone,openstack/charm-keystone,52858767,299,0,0,0
413,charm-heat,openstack/charm-heat,52858756,264,0,0,0
414,charm-glance,openstack/charm-glance,52858742,282,0,0,0
415,charm-cinder-ceph,openstack/charm-cinder-ceph,52858727,177,0,0,0
416,charm-cinder-backup,openstack/charm-cinder-backup,52858721,156,0,0,0
417,charm-cinder,openstack/charm-cinder,52858711,291,0,0,0
418,charm-ceph-radosgw,openstack/charm-ceph-radosgw,52858698,285,0,0,0
419,charm-ceph-osd,openstack/charm-ceph-osd,52858687,250,0,0,0
420,charm-ceph-mon,openstack/charm-ceph-mon,52858662,156,0,0,0
421,charm-ceilometer-agent,openstack/charm-ceilometer-agent,52858635,170,0,0,0
422,charm-ceilometer,openstack/charm-ceilometer,52858626,279,0,0,0
423,openstack-ansible-os_ironic,openstack/openstack-ansible-os_ironic,52279020,96,0,0,0
424,service-types-authority,openstack/service-types-authority,51774620,20,0,0,0
425,puppet-pacemaker,openstack/puppet-pacemaker,51774476,372,102,0.274193548,1
426,release-test,openstack/release-test,51581636,50,0,0,0
427,watcher-dashboard,openstack/watcher-dashboard,51065767,176,0,0,0
428,networking-generic-switch,openstack/networking-generic-switch,50502722,130,0,0,0
429,openstack-ansible-plugins,openstack/openstack-ansible-plugins,50446093,137,0,0,0
430,puppet-oslo,openstack/puppet-oslo,50178831,146,27,0.184931507,1
431,puppet-ec2api,openstack/puppet-ec2api,49719129,115,16,0.139130435,1
432,ironic-ui,openstack/ironic-ui,49433184,198,0,0,0
433,cyborg,openstack/cyborg,49413144,427,0,0,0
434,puppet-rally,openstack/puppet-rally,48861819,107,27,0.252336449,1
435,python-brick-cinderclient-ext,openstack/python-brick-cinderclient-ext,48489342,64,0,0,0
436,python-aodhclient,openstack/python-aodhclient,48489333,83,0,0,0
437,trove-dashboard,openstack/trove-dashboard,48365978,237,0,0,0
438,sahara-tests,openstack/sahara-tests,48365925,315,0,0,0
439,os-performance-tools,openstack/os-performance-tools,48333257,40,0,0,0
440,devstack-plugin-kafka,openstack/devstack-plugin-kafka,48036374,8,0,0,0
441,openstack-ansible-rsyslog_server,openstack/openstack-ansible-rsyslog_server,47761755,55,0,0,0
442,openstack-ansible-repo_server,openstack/openstack-ansible-repo_server,47761744,73,0,0,0
443,openstack-ansible-rabbitmq_server,openstack/openstack-ansible-rabbitmq_server,47761730,92,0,0,0
444,openstack-ansible-memcached_server,openstack/openstack-ansible-memcached_server,47761709,58,0,0,0
445,openstack-ansible-galera_server,openstack/openstack-ansible-galera_server,47761702,122,0,0,0
446,openstack-ansible-galera_client,openstack/openstack-ansible-galera_client,47761698,2,0,0,0
447,puppet-vitrage,openstack/puppet-vitrage,47683819,143,21,0.146853147,1
448,performance-docs,openstack/performance-docs,47436431,1728,0,0,0
449,ironic-inspector-specs,openstack/ironic-inspector-specs,47259939,29,0,0,0
450,zaqar-ui,openstack/zaqar-ui,46889302,158,0,0,0
451,devstack-plugin-ceph,openstack/devstack-plugin-ceph,46865543,19,0,0,0
452,neutron-lib,openstack/neutron-lib,46516667,1324,0,0,0
453,openstack-ansible-rsyslog_client,openstack/openstack-ansible-rsyslog_client,46340411,58,0,0,0
454,openstack-ansible-openstack_hosts,openstack/openstack-ansible-openstack_hosts,46340389,99,0,0,0
455,openstack-ansible-lxc_hosts,openstack/openstack-ansible-lxc_hosts,46340382,110,0,0,0
456,openstack-ansible-lxc_container_create,openstack/openstack-ansible-lxc_container_create,46340374,105,0,0,0
457,openstack-ansible-apt_package_pinning,openstack/openstack-ansible-apt_package_pinning,46340370,38,0,0,0
458,mistral-specs,openstack/mistral-specs,46267609,43,0,0,0
459,python-vitrageclient,openstack/python-vitrageclient,46125625,109,0,0,0
460,os-vif,openstack/os-vif,45992519,166,0,0,0
461,vitrage-dashboard,openstack/vitrage-dashboard,45896762,223,0,0,0
462,vitrage-specs,openstack/vitrage-specs,45664421,79,0,0,0
463,puppet-magnum,openstack/puppet-magnum,45597741,197,37,0.187817259,1
464,requestsexceptions,openstack/requestsexceptions,45005759,10,0,0,0
465,watcher-specs,openstack/watcher-specs,44810589,236,0,0,0
466,oslo.privsep,openstack/oslo.privsep,44654515,70,0,0,0
467,i18n,openstack/i18n,44590677,82,0,0,0
468,tempest-plugin-cookiecutter,openstack/tempest-plugin-cookiecutter,44327856,13,0,0,0
469,renderspec,openstack/renderspec,43541520,25,0,0,0
470,pymod2pkg,openstack/pymod2pkg,43513914,24,0,0,0
471,puppet-openstack_spec_helper,openstack/puppet-openstack_spec_helper,43484592,47,0,0,0
472,puppet-barbican,openstack/puppet-barbican,43484572,187,28,0.14973262,1
473,vitrage,openstack/vitrage,43452522,962,0,0,0
474,puppet-aodh,openstack/puppet-aodh,42701925,212,26,0.122641509,1
475,os-win,openstack/os-win,42605498,156,0,0,0
476,stackviz,openstack/stackviz,42450030,228,0,0,0
477,reno,openstack/reno,42131738,118,0,0,0
478,tripleo-docs,openstack/tripleo-docs,42115647,240,0,0,0
479,python-tripleoclient,openstack/python-tripleoclient,42115593,419,0,0,0
480,instack-undercloud,openstack/instack-undercloud,42115298,2,0,0,0
481,freezer-web-ui,openstack/freezer-web-ui,41672837,125,0,0,0
482,election,openstack/election,41485606,1901,0,0,0
483,logstash-filters,openstack/logstash-filters,41485473,7,0,0,0
484,tosca-parser,openstack/tosca-parser,41282275,341,0,0,0
485,senlin-dashboard,openstack/senlin-dashboard,41280401,314,0,0,0
486,python-dracclient,openstack/python-dracclient,40425771,127,0,0,0
487,storlets,openstack/storlets,40209213,293,0,0,0
488,freezer-api,openstack/freezer-api,40181324,249,0,0,0
489,xstatic-roboto-fontface,openstack/xstatic-roboto-fontface,39981482,178,0,0,0
490,xstatic-mdi,openstack/xstatic-mdi,39981475,28,0,0,0
491,monasca-log-api,openstack/monasca-log-api,39969726,2,0,0,0
492,xstatic-bootswatch,openstack/xstatic-bootswatch,39913370,145,0,0,0
493,rpm-packaging-tools,openstack/rpm-packaging-tools,39628274,10,0,0,0
494,rpm-packaging,openstack/rpm-packaging,39628268,466,0,0,0
495,puppet-mistral,openstack/puppet-mistral,39628214,172,25,0.145348837,1
496,devstack-plugin-amqp1,openstack/devstack-plugin-amqp1,39094557,8,0,0,0
497,kuryr,openstack/kuryr,39091612,109,0,0,0
498,eslint-config-openstack,openstack/eslint-config-openstack,38777402,27,0,0,0
499,xstatic-angular-gettext,openstack/xstatic-angular-gettext,38709650,12,0,0,0
500,releases,openstack/releases,38423570,4698,0,0,0
501,aodh,openstack/aodh,38210615,286,0,0,0
502,puppet-openstack-integration,openstack/puppet-openstack-integration,37940051,107,51,0.476635514,1
503,designate-dashboard,openstack/designate-dashboard,37675467,129,0,0,0
504,magnum-ui,openstack/magnum-ui,37671011,220,0,0,0
505,puppet-zaqar,openstack/puppet-zaqar,37621969,152,28,0.184210526,1
506,networking-sfc,openstack/networking-sfc,37615864,250,0,0,0
507,manila-image-elements,openstack/manila-image-elements,37615820,81,0,0,0
508,puppet-openstack-cookiecutter,openstack/puppet-openstack-cookiecutter,37607373,55,14,0.254545455,1
509,python-ironic-inspector-client,openstack/python-ironic-inspector-client,37602457,90,0,0,0
510,oslo.reports,openstack/oslo.reports,37203188,78,0,0,0
511,tacker-horizon,openstack/tacker-horizon,36959178,144,0,0,0
512,automaton,openstack/automaton,36958891,54,0,0,0
513,futurist,openstack/futurist,36693774,57,0,0,0
514,python-watcherclient,openstack/python-watcherclient,36488036,97,0,0,0
515,oslo.service,openstack/oslo.service,36415608,94,0,0,0
516,project-team-guide,openstack/project-team-guide,36414623,44,0,0,0
517,watcher,openstack/watcher,35901539,847,0,0,0
518,bifrost,openstack/bifrost,35511563,534,0,0,0
519,manila-ui,openstack/manila-ui,34835930,510,0,0,0
520,keystoneauth,openstack/keystoneauth,34791840,267,0,0,0
521,oslo.cache,openstack/oslo.cache,34294283,108,0,0,0
522,tripleo-common,openstack/tripleo-common,33671980,582,0,0,0
523,os-testr,openstack/os-testr,33273922,52,0,0,0
524,python-senlinclient,openstack/python-senlinclient,32597619,131,0,0,0
525,compute-hyperv,openstack/compute-hyperv,32597422,125,0,0,0
526,devstack-plugin-cookiecutter,openstack/devstack-plugin-cookiecutter,32481828,8,0,0,0
527,senlin,openstack/senlin,32337782,946,0,0,0
528,openstack-ansible-specs,openstack/openstack-ansible-specs,32324973,99,0,0,0
529,networking-bagpipe,openstack/networking-bagpipe,32100086,265,0,0,0
530,ironic-lib,openstack/ironic-lib,31645005,68,0,0,0
531,networking-ovn,openstack/networking-ovn,31228084,2,0,0,0
532,networking-bgpvpn,openstack/networking-bgpvpn,31228058,264,0,0,0
533,xstatic-magic-search,openstack/xstatic-magic-search,30876219,12,0,0,0
534,os-brick,openstack/os-brick,30860645,245,0,0,0
535,networking-midonet,openstack/networking-midonet,30764279,2,0,0,0
536,puppet-murano,openstack/puppet-murano,30752823,170,24,0.141176471,1
537,networking-hyperv,openstack/networking-hyperv,30607404,94,0,0,0
538,oslo.versionedobjects,openstack/oslo.versionedobjects,30554886,71,0,0,0
539,puppet-tripleo,openstack/puppet-tripleo,30399112,680,208,0.305882353,1
540,nova-powervm,openstack/nova-powervm,30193424,158,0,0,0
541,networking-powervm,openstack/networking-powervm,30193395,84,0,0,0
542,ceilometer-powervm,openstack/ceilometer-powervm,30193274,61,0,0,0
543,openstackdocstheme,openstack/openstackdocstheme,30191953,179,0,0,0
544,ceilometermiddleware,openstack/ceilometermiddleware,30038772,49,0,0,0
545,xstatic-angular-lrdragndrop,openstack/xstatic-angular-lrdragndrop,29709706,10,0,0,0
546,oslo.policy,openstack/oslo.policy,29485716,122,0,0,0
547,xstatic-angular-smart-table,openstack/xstatic-angular-smart-table,29374791,12,0,0,0
548,debtcollector,openstack/debtcollector,29374534,51,0,0,0
549,shade,openstack/shade,28934135,343,0,0,0
550,puppet-gnocchi,openstack/puppet-gnocchi,28822077,210,28,0.133333333,1
551,cookbook-openstack-bare-metal,openstack/cookbook-openstack-bare-metal,28820289,28,0,0,0
552,castellan,openstack/castellan,27554802,128,0,0,0
553,networking-odl,openstack/networking-odl,27492790,334,0,0,0
554,neutron-vpnaas,openstack/neutron-vpnaas,27489982,217,0,0,0
555,neutron-fwaas,openstack/neutron-fwaas,27489947,289,0,0,0
556,openstack-ansible,openstack/openstack-ansible,27195864,1694,0,0,0
557,python-magnumclient,openstack/python-magnumclient,26884257,120,0,0,0
558,ossa,openstack/ossa,26631344,201,0,0,0
559,yaql,openstack/yaql,26609967,91,0,0,0
560,murano-specs,openstack/murano-specs,26603745,78,0,0,0
561,ironic-inspector,openstack/ironic-inspector,26600780,420,0,0,0
562,oslo.context,openstack/oslo.context,26599560,61,0,0,0
563,magnum,openstack/magnum,26314357,1053,0,0,0
564,api-sig,openstack/api-sig,25545679,59,0,0,0
565,tripleo-puppet-elements,openstack/tripleo-puppet-elements,24685539,91,0,0,0
566,kolla,openstack/kolla,24681398,998,0,0,0
567,project-config,openstack/project-config,24462046,1031,0,0,0
568,puppet-manila,openstack/puppet-manila,24437421,320,56,0.175,1
569,os-client-config,openstack/os-client-config,24430137,83,0,0,0
570,monasca-statsd,openstack/monasca-statsd,24351170,29,0,0,0
571,python-manilaclient,openstack/python-manilaclient,24245260,385,0,0,0
572,manila,openstack/manila,24245238,1871,0,0,0
573,ha-guide,openstack/ha-guide,24231977,42,0,0,0
574,trove-specs,openstack/trove-specs,24198185,103,0,0,0
575,os-net-config,openstack/os-net-config,24068403,132,0,0,0
576,oslo.log,openstack/oslo.log,23440444,122,0,0,0
577,xstatic-font-awesome,openstack/xstatic-font-awesome,23159762,46,0,0,0
578,xstatic-angular-bootstrap,openstack/xstatic-angular-bootstrap,23159300,12,0,0,0
579,python-cloudkittyclient,openstack/python-cloudkittyclient,23157771,136,0,0,0
580,cloudkitty-dashboard,openstack/cloudkitty-dashboard,23157716,145,0,0,0
581,oslo.concurrency,openstack/oslo.concurrency,22996654,73,0,0,0
582,oslo.middleware,openstack/oslo.middleware,22489894,93,0,0,0
583,oslo.serialization,openstack/oslo.serialization,22484954,58,0,0,0
584,murano-apps,openstack/murano-apps,22343632,292,0,0,0
585,freezer,openstack/freezer,22343174,215,0,0,0
586,openstack-chef-specs,openstack/openstack-chef-specs,22098552,62,0,0,0
587,glance_store,openstack/glance_store,21909965,169,0,0,0
588,monasca-ui,openstack/monasca-ui,21861645,130,0,0,0
589,monasca-thresh,openstack/monasca-thresh,21861636,99,0,0,0
590,monasca-persister,openstack/monasca-persister,21861612,172,0,0,0
591,monasca-notification,openstack/monasca-notification,21861596,111,0,0,0
592,monasca-common,openstack/monasca-common,21861588,274,0,0,0
593,monasca-ceilometer,openstack/monasca-ceilometer,21861575,2,0,0,0
594,monasca-api,openstack/monasca-api,21861570,528,0,0,0
595,monasca-agent,openstack/monasca-agent,21861526,479,0,0,0
596,oslo.utils,openstack/oslo.utils,21733715,124,0,0,0
597,xstatic-spin,openstack/xstatic-spin,21616214,11,0,0,0
598,xstatic-rickshaw,openstack/xstatic-rickshaw,21616207,11,0,0,0
599,xstatic-jsencrypt,openstack/xstatic-jsencrypt,21616200,11,0,0,0
600,xstatic-jquery.tablesorter,openstack/xstatic-jquery.tablesorter,21616192,10,0,0,0
601,xstatic-jquery.quicksearch,openstack/xstatic-jquery.quicksearch,21616187,10,0,0,0
602,xstatic-jquery-migrate,openstack/xstatic-jquery-migrate,21616166,11,0,0,0
603,xstatic-jasmine,openstack/xstatic-jasmine,21616160,17,0,0,0
604,xstatic-hogan,openstack/xstatic-hogan,21616154,10,0,0,0
605,xstatic-d3,openstack/xstatic-d3,21616150,11,0,0,0
606,xstatic-bootstrap-scss,openstack/xstatic-bootstrap-scss,21616146,105,0,0,0
607,xstatic-bootstrap-datepicker,openstack/xstatic-bootstrap-datepicker,21616134,76,0,0,0
608,xstatic-angular,openstack/xstatic-angular,21616113,28,0,0,0
609,neutron-specs,openstack/neutron-specs,21570587,327,0,0,0
610,puppet-trove,openstack/puppet-trove,21490466,203,22,0.108374384,0
611,python-designateclient,openstack/python-designateclient,21305998,132,0,0,0
612,designate-specs,openstack/designate-specs,21305974,44,0,0,0
613,designate,openstack/designate,21305972,887,0,0,0
614,tacker-specs,openstack/tacker-specs,21259955,132,0,0,0
615,tacker,openstack/tacker,21259951,2625,0,0,0
616,python-tackerclient,openstack/python-tackerclient,21259946,236,0,0,0
617,zaqar-specs,openstack/zaqar-specs,21220874,81,0,0,0
618,python-monascaclient,openstack/python-monascaclient,21217046,71,0,0,0
619,ec2-api,openstack/ec2-api,21215546,171,0,0,0
620,puppet-openstack_extras,openstack/puppet-openstack_extras,21215026,91,7,0.076923077,0
621,keystonemiddleware,openstack/keystonemiddleware,21174500,145,0,0,0
622,devstack-vagrant,openstack/devstack-vagrant,21163556,21,8,0.380952381,1
623,octavia,openstack/octavia,21018188,1455,0,0,0
624,puppet-openstacklib,openstack/puppet-openstacklib,20974636,164,16,0.097560976,0
625,solum-specs,openstack/solum-specs,20881275,25,0,0,0
626,cookbook-openstack-client,openstack/cookbook-openstack-client,20880575,31,0,0,0
627,training-guides,openstack/training-guides,20709578,224,0,0,0
628,osprofiler,openstack/osprofiler,20646359,107,0,0,0
629,barbican-specs,openstack/barbican-specs,20532386,59,0,0,0
630,dib-utils,openstack/dib-utils,20527343,18,0,0,0
631,sahara-specs,openstack/sahara-specs,20331997,163,0,0,0
632,python-barbicanclient,openstack/python-barbicanclient,20115730,101,0,0,0
633,barbican,openstack/barbican,20115712,476,0,0,0
634,openstack-chef,openstack/openstack-chef,20115697,210,0,0,0
635,puppet-openstack-specs,openstack/puppet-openstack-specs,20042636,2,0,0,0
636,cloudkitty,openstack/cloudkitty,20042606,493,0,0,0
637,telemetry-specs,openstack/telemetry-specs,20042589,106,0,0,0
638,security-doc,openstack/security-doc,20042586,278,0,0,0
639,heat-specs,openstack/heat-specs,20042568,186,0,0,0
640,keystone-specs,openstack/keystone-specs,20042556,159,0,0,0
641,ironic-specs,openstack/ironic-specs,20042545,373,0,0,0
642,mistral-dashboard,openstack/mistral-dashboard,19993179,162,0,0,0
643,cinder-specs,openstack/cinder-specs,19627096,220,0,0,0
644,oslo-specs,openstack/oslo-specs,19622631,113,0,0,0
645,glance-specs,openstack/glance-specs,19585430,302,0,0,0
646,oslo.i18n,openstack/oslo.i18n,19505011,77,0,0,0
647,tripleo-specs,openstack/tripleo-specs,19363666,154,0,0,0
648,bashate,openstack/bashate,19329687,68,0,0,0
649,oslo.db,openstack/oslo.db,19316610,132,0,0,0
650,solum-dashboard,openstack/solum-dashboard,19249505,73,0,0,0
651,specs-cookiecutter,openstack/specs-cookiecutter,18450297,25,0,0,0
652,ironic-python-agent,openstack/ironic-python-agent,17993953,408,0,0,0
653,qa-specs,openstack/qa-specs,17763331,63,0,0,0
654,nova-specs,openstack/nova-specs,17763330,918,0,0,0
655,heat-translator,openstack/heat-translator,17302921,324,0,0,0
656,bugdaystats,openstack/bugdaystats,17302719,24,0,0,0
657,cookbook-openstack-integration-test,openstack/cookbook-openstack-integration-test,17110192,29,0,0,0
658,oslo.vmware,openstack/oslo.vmware,16921371,126,0,0,0
659,oslotest,openstack/oslotest,16921359,75,0,0,0
660,oslo-cookiecutter,openstack/oslo-cookiecutter,16704921,40,0,0,0
661,taskflow,openstack/taskflow,16626961,319,0,0,0
662,stevedore,openstack/stevedore,16626958,98,0,0,0
663,pycadf,openstack/pycadf,16626957,81,0,0,0
664,cliff,openstack/cliff,16626954,90,0,0,0
665,openstacksdk,openstack/openstacksdk,16223378,1769,0,0,0
666,mistral-extra,openstack/mistral-extra,15981419,96,0,0,0
667,python-mistralclient,openstack/python-mistralclient,15885891,168,0,0,0
668,puppet-ironic,openstack/puppet-ironic,14939665,432,63,0.145833333,1
669,blazar-nova,openstack/blazar-nova,14909740,34,0,0,0
670,tooz,openstack/tooz,14909684,109,0,0,0
671,openstack-doc-tools,openstack/openstack-doc-tools,14909370,71,0,0,0
672,oslo.rootwrap,openstack/oslo.rootwrap,14725429,55,0,0,0
673,python-solumclient,openstack/python-solumclient,14417290,80,0,0,0
674,solum,openstack/solum,13968333,585,0,0,0
675,mistral,openstack/mistral,13968255,712,0,0,0
676,puppet-designate,openstack/puppet-designate,13956683,269,43,0.159851301,1
677,openstack,openstack/openstack,13839311,5,0,0,0
678,puppet-ceph,openstack/puppet-ceph,13693408,140,32,0.228571429,1
679,puppet-vswitch,openstack/puppet-vswitch,13513045,93,4,0.043010753,0
680,swift-bench,openstack/swift-bench,13485961,25,0,0,0
681,sahara-image-elements,openstack/sahara-image-elements,13348308,194,0,0,0
682,sahara-extra,openstack/sahara-extra,13348306,134,0,0,0
683,sahara-dashboard,openstack/sahara-dashboard,13348305,333,0,0,0
684,python-saharaclient,openstack/python-saharaclient,13348303,178,0,0,0
685,sahara,openstack/sahara,13348302,975,0,0,0
686,python-zaqarclient,openstack/python-zaqarclient,12833305,168,0,0,0
687,zaqar,openstack/zaqar,12833284,582,0,0,0
688,python-blazarclient,openstack/python-blazarclient,12708370,71,0,0,0
689,cookiecutter,openstack/cookiecutter,12707368,54,0,0,0
690,rally,openstack/rally,12645326,623,0,0,0
691,puppet-sahara,openstack/puppet-sahara,12575812,184,20,0.108695652,0
692,governance,openstack/governance,12490186,224,0,0,0
693,puppet-neutron,openstack/puppet-neutron,12188917,669,67,0.100149477,0
694,os-refresh-config,openstack/os-refresh-config,12188912,21,0,0,0
695,os-collect-config,openstack/os-collect-config,12188911,45,0,0,0
696,os-apply-config,openstack/os-apply-config,12188909,43,0,0,0
697,tripleo-image-elements,openstack/tripleo-image-elements,12188903,130,0,0,0
698,tripleo-heat-templates,openstack/tripleo-heat-templates,12188902,1789,0,0,0
699,diskimage-builder,openstack/diskimage-builder,12188901,1116,0,0,0
700,heat-cfnclient,openstack/heat-cfnclient,12067804,51,0,0,0
701,puppet-heat,openstack/puppet-heat,11843027,268,49,0.182835821,1
702,tripleo-ci,openstack/tripleo-ci,11573913,184,0,0,0
703,oslo.messaging,openstack/oslo.messaging,11074116,191,0,0,0
704,reviewstats,openstack/reviewstats,11074086,95,0,0,0
705,trove,openstack/trove,10698586,1107,0,0,0
706,python-troveclient,openstack/python-troveclient,10698584,272,0,0,0
707,keystone,openstack/keystone,10384993,1445,0,0,0
708,operations-guide,openstack/operations-guide,10293242,85,0,0,0
709,puppet-tempest,openstack/puppet-tempest,10258753,121,5,0.041322314,0
710,cookbook-openstack-orchestration,openstack/cookbook-openstack-orchestration,10224886,33,0,0,0
711,openstack-chef-repo,openstack/openstack-chef-repo,10224880,2,0,0,0
712,cookbook-openstack-ops-messaging,openstack/cookbook-openstack-ops-messaging,10145814,17,0,0,0
713,cookbook-openstack-ops-database,openstack/cookbook-openstack-ops-database,10145812,30,0,0,0
714,puppet-ceilometer,openstack/puppet-ceilometer,10144326,223,16,0.071748879,0
715,python-ironicclient,openstack/python-ironicclient,10066304,313,0,0,0
716,ironic,openstack/ironic,10066301,2131,0,0,0
717,python-muranoclient,openstack/python-muranoclient,9971868,174,0,0,0
718,murano-dashboard,openstack/murano-dashboard,9971857,335,0,0,0
719,murano,openstack/murano,9971852,1006,0,0,0
720,murano-agent,openstack/murano-agent,9971850,126,0,0,0
721,cookbook-openstack-telemetry,openstack/cookbook-openstack-telemetry,9944842,48,0,0,0
722,cookbook-openstack-dashboard,openstack/cookbook-openstack-dashboard,9944840,30,0,0,0
723,cookbook-openstack-block-storage,openstack/cookbook-openstack-block-storage,9944837,36,0,0,0
724,cookbook-openstack-network,openstack/cookbook-openstack-network,9944829,56,0,0,0
725,cookbook-openstack-image,openstack/cookbook-openstack-image,9944828,31,0,0,0
726,cookbook-openstack-identity,openstack/cookbook-openstack-identity,9944827,32,0,0,0
727,cookbook-openstack-compute,openstack/cookbook-openstack-compute,9943921,69,0,0,0
728,cookbook-openstack-common,openstack/cookbook-openstack-common,9943918,57,0,0,0
729,heat-templates,openstack/heat-templates,9676923,269,1,0.003717472,0
730,puppet-swift,openstack/puppet-swift,9228026,403,87,0.215880893,1
731,puppet-nova,openstack/puppet-nova,9228014,730,87,0.119178082,1
732,puppet-keystone,openstack/puppet-keystone,9228010,369,40,0.108401084,0
733,puppet-horizon,openstack/puppet-horizon,9228004,147,11,0.074829932,0
734,puppet-glance,openstack/puppet-glance,9228000,316,45,0.142405063,1
735,puppet-cinder,openstack/puppet-cinder,9227997,445,70,0.157303371,1
736,hacking,openstack/hacking,9040482,63,0,0,0
737,blazar,openstack/blazar,8954261,367,0,0,0
738,grenade,openstack/grenade,8785771,88,0,0,0
739,heat-cfntools,openstack/heat-cfntools,8612581,38,0,0,0
740,oslo.config,openstack/oslo.config,7877913,118,0,0,0
741,reviewday,openstack/reviewday,7546628,41,0,0,0
742,nose-html-output,openstack/nose-html-output,7193317,13,0,0,0
743,devstack-gate,openstack/devstack-gate,7193108,53,0,0,0
744,python-heatclient,openstack/python-heatclient,6970005,152,0,0,0
745,heat,openstack/heat,6970004,1329,0,0,0
746,cinder,openstack/cinder,6929734,3293,0,0,0
747,ceilometer,openstack/ceilometer,6642735,510,0,0,0
748,api-site,openstack/api-site,5955967,47,0,0,0
749,requirements,openstack/requirements,5320283,90,0,0,0
750,pbr,openstack/pbr,5006506,111,0,0,0
751,python-cinderclient,openstack/python-cinderclient,4868375,231,0,0,0
752,python-swiftclient,openstack/python-swiftclient,4393696,95,0,0,0
753,python-openstackclient,openstack/python-openstackclient,4170310,1255,0,0,0
754,python-glanceclient,openstack/python-glanceclient,3857123,164,0,0,0
755,openstack-planet,openstack/openstack-planet,3312696,4,0,0,0
756,python-neutronclient,openstack/python-neutronclient,3204093,382,0,0,0
757,openstack-nose,openstack/openstack-nose,3127142,6,0,0,0
758,python-keystoneclient,openstack/python-keystoneclient,3030986,321,0,0,0
759,devstack,openstack/devstack,2790220,316,0,0,0
760,python-novaclient,openstack/python-novaclient,2789370,324,0,0,0
761,horizon,openstack/horizon,2665166,3109,0,0,0
762,neutron,openstack/neutron,2400289,3058,0,0,0
763,openstack-manuals,openstack/openstack-manuals,2395672,592,0,0,0
764,tempest,openstack/tempest,2356406,1471,0,0,0
765,glance,openstack/glance,2155157,827,0,0,0
766,nova,openstack/nova,790031,4386,0,0,0
767,swift,openstack/swift,790019,897,0,0,0
